<?xml version="1.0" encoding="UTF-8"?>
<project-private xmlns="http://www.netbeans.org/ns/project-private/1">
    <editor-bookmarks xmlns="http://www.netbeans.org/ns/editor-bookmarks/2" lastBookmarkId="0"/>
    <open-files xmlns="http://www.netbeans.org/ns/projectui-open-files/2">
        <group>
            <file>file:/C:/Users/SANTIAGO%20R.Z/Documents/NetBeansProjects/ChatJava/src/chatjava/Cliente.java</file>
            <file>file:/C:/Users/SANTIAGO%20R.Z/Documents/NetBeansProjects/ChatJava/src/chatjava/HiloCliente.java</file>
            <file>file:/C:/Users/SANTIAGO%20R.Z/Documents/NetBeansProjects/ChatJava/src/chatjava/ClientePrincipal.java</file>
            <file>file:/C:/Users/SANTIAGO%20R.Z/Documents/NetBeansProjects/ChatJava/src/chatjava/ServidorPrincipal.java</file>
            <file>file:/C:/Users/SANTIAGO%20R.Z/Documents/NetBeansProjects/ChatJava/src/chatjava/Servidor.java</file>
        </group>
    </open-files>
</project-private>
